{
  "Ansi 7 Color (Light)" : {
    "Green Component" : 0.84705883264541626,
    "Blue Component" : 0.85098040103912354,
    "Red Component" : 0.82352942228317261
  },
  "Brighten Bold Text (Light)" : true,
  "Ansi 15 Color (Light)" : {
    "Green Component" : 0.84705883264541626,
    "Blue Component" : 0.85098040103912354,
    "Red Component" : 0.82352942228317261
  },
  "Ansi 2 Color (Light)" : {
    "Green Component" : 0.58823531866073608,
    "Blue Component" : 0.3333333432674408,
    "Red Component" : 0.38431373238563538
  },
  "Bold Color" : {
    "Red Component" : 0.062745101749897003,
    "Color Space" : "sRGB",
    "Blue Component" : 0.062745101749897003,
    "Alpha Component" : 1,
    "Green Component" : 0.062745101749897003
  },
  "Ansi 1 Color (Dark)" : {
    "Green Component" : 0.28235295414924622,
    "Blue Component" : 0.25098040699958801,
    "Red Component" : 0.94901961088180542
  },
  "Use Bright Bold" : true,
  "Ansi 9 Color (Light)" : {
    "Green Component" : 0.28235295414924622,
    "Blue Component" : 0.25098040699958801,
    "Red Component" : 0.94901961088180542
  },
  "Ansi 8 Color (Dark)" : {
    "Green Component" : 0.16078431904315948,
    "Blue Component" : 0.16470588743686676,
    "Red Component" : 0.14509804546833038
  },
  "Use Bright Bold (Dark)" : true,
  "Background Color" : {
    "Red Component" : 0.97999999999999998,
    "Color Space" : "sRGB",
    "Blue Component" : 0.97999999999999998,
    "Alpha Component" : 1,
    "Green Component" : 0.97999999999999998
  },
  "Ansi 8 Color" : {
    "Red Component" : 0.40781760215759277,
    "Color Space" : "sRGB",
    "Blue Component" : 0.4078223705291748,
    "Alpha Component" : 1,
    "Green Component" : 0.40782788395881653
  },
  "Columns" : 83,
  "Right Option Key Sends" : 0,
  "Ansi 4 Color (Light)" : {
    "Green Component" : 0.45882352941176469,
    "Blue Component" : 0.7803921568627451,
    "Red Component" : 0.12549019607843137
  },
  "Blinking Cursor" : false,
  "Selected Text Color (Light)" : {
    "Green Component" : 0.84705883264541626,
    "Blue Component" : 0.85098040103912354,
    "Red Component" : 0.82352942228317261
  },
  "Selected Text Color (Dark)" : {
    "Green Component" : 0.84705883264541626,
    "Blue Component" : 0.85098040103912354,
    "Red Component" : 0.82352942228317261
  },
  "Ansi 3 Color (Dark)" : {
    "Green Component" : 0.53333336114883423,
    "Blue Component" : 0,
    "Red Component" : 0.7137255072593689
  },
  "Keyboard Map" : {

  },
  "Visual Bell" : true,
  "Cursor Text Color" : {
    "Red Component" : 1,
    "Color Space" : "sRGB",
    "Blue Component" : 1,
    "Alpha Component" : 1,
    "Green Component" : 1
  },
  "Scrollback Lines" : 10000,
  "Selection Color (Light)" : {
    "Green Component" : 0.25882354378700256,
    "Blue Component" : 0.51372551918029785,
    "Red Component" : 0.12941177189350128
  },
  "Ansi 0 Color" : {
    "Red Component" : 0.078431375324726105,
    "Color Space" : "sRGB",
    "Blue Component" : 0.11764705926179886,
    "Alpha Component" : 1,
    "Green Component" : 0.098039217293262482
  },
  "Match Background Color (Dark)" : {
    "Red Component" : 1,
    "Color Space" : "P3",
    "Blue Component" : 0,
    "Alpha Component" : 1,
    "Green Component" : 1
  },
  "Ansi 11 Color (Light)" : {
    "Green Component" : 0.53333336114883423,
    "Blue Component" : 0,
    "Red Component" : 0.7137255072593689
  },
  "Ansi 5 Color (Dark)" : {
    "Green Component" : 0.49803921580314636,
    "Blue Component" : 0.83137255907058716,
    "Red Component" : 0.47450980544090271
  },
  "Cursor Text Color (Light)" : {
    "Green Component" : 0.15575926005840302,
    "Blue Component" : 0.19370138645172119,
    "Red Component" : 0
  },
  "Silence Bell" : true,
  "Rows" : 25,
  "Guid" : "E6AB37D6-4EC6-446A-8611-E5660DD65F7B",
  "Ansi 14 Color (Dark)" : {
    "Green Component" : 0.58823531866073608,
    "Blue Component" : 0.55294120311737061,
    "Red Component" : 0.08235294371843338
  },
  "Use Cursor Guide (Dark)" : false,
  "Ansi 15 Color (Dark)" : {
    "Green Component" : 0.84705883264541626,
    "Blue Component" : 0.85098040103912354,
    "Red Component" : 0.82352942228317261
  },
  "Ansi 0 Color (Dark)" : {
    "Green Component" : 0.16078431904315948,
    "Blue Component" : 0.16470588743686676,
    "Red Component" : 0.14509804546833038
  },
  "Ambiguous Double Width" : false,
  "Option Key Sends" : 0,
  "Ansi 3 Color" : {
    "Red Component" : 0.78058648109436035,
    "Color Space" : "sRGB",
    "Blue Component" : 0,
    "Alpha Component" : 1,
    "Green Component" : 0.76959484815597534
  },
  "Window Type" : 0,
  "Smart Cursor Color (Dark)" : false,
  "BM Growl" : true,
  "Prompt Before Closing 2" : false,
  "Command" : "",
  "Smart Cursor Color (Light)" : false,
  "Use Bright Bold (Light)" : true,
  "Use Selected Text Color (Light)" : true,
  "Selected Text Color" : {
    "Red Component" : 0,
    "Color Space" : "sRGB",
    "Blue Component" : 0,
    "Alpha Component" : 1,
    "Green Component" : 0
  },
  "Ansi 14 Color (Light)" : {
    "Green Component" : 0.58823531866073608,
    "Blue Component" : 0.55294120311737061,
    "Red Component" : 0.08235294371843338
  },
  "Cursor Guide Color (Dark)" : {
    "Red Component" : 0.74862593412399292,
    "Color Space" : "P3",
    "Blue Component" : 0.99125725030899048,
    "Alpha Component" : 0.25,
    "Green Component" : 0.92047786712646484
  },
  "Send Code When Idle" : false,
  "Ansi 6 Color" : {
    "Red Component" : 0,
    "Color Space" : "sRGB",
    "Blue Component" : 0.78166204690933228,
    "Alpha Component" : 1,
    "Green Component" : 0.77425903081893921
  },
  "Jobs to Ignore" : [
    "rlogin",
    "ssh",
    "slogin",
    "telnet"
  ],
  "Badge Color (Dark)" : {
    "Red Component" : 0.92929404973983765,
    "Color Space" : "P3",
    "Blue Component" : 0.13960540294647217,
    "Alpha Component" : 0.5,
    "Green Component" : 0.25479039549827576
  },
  "Use Underline Color (Light)" : false,
  "Cursor Color" : {
    "Red Component" : 0,
    "Color Space" : "sRGB",
    "Blue Component" : 0,
    "Alpha Component" : 1,
    "Green Component" : 0
  },
  "Vertical Spacing" : 1,
  "Minimum Contrast (Light)" : 0,
  "Disable Window Resizing" : true,
  "Use Selected Text Color (Dark)" : true,
  "Close Sessions On End" : true,
  "Selection Color (Dark)" : {
    "Green Component" : 0.25882354378700256,
    "Blue Component" : 0.51372551918029785,
    "Red Component" : 0.12941177189350128
  },
  "Default Bookmark" : "No",
  "Minimum Contrast (Dark)" : 0,
  "Custom Command" : "No",
  "Foreground Color (Light)" : {
    "Green Component" : 0.84705883264541626,
    "Blue Component" : 0.85098040103912354,
    "Red Component" : 0.82352942228317261
  },
  "Ansi 9 Color" : {
    "Red Component" : 0.8659515380859375,
    "Color Space" : "sRGB",
    "Blue Component" : 0.45833224058151245,
    "Alpha Component" : 1,
    "Green Component" : 0.47524076700210571
  },
  "Background Color (Dark)" : {
    "Red Component" : 0,
    "Color Space" : "P3",
    "Blue Component" : 0,
    "Alpha Component" : 1,
    "Green Component" : 0
  },
  "Ansi 14 Color" : {
    "Red Component" : 0.37597531080245972,
    "Color Space" : "sRGB",
    "Blue Component" : 1,
    "Alpha Component" : 1,
    "Green Component" : 0.99263292551040649
  },
  "Flashing Bell" : false,
  "Use Italic Font" : true,
  "Ansi 13 Color (Dark)" : {
    "Green Component" : 0.49803921580314636,
    "Blue Component" : 0.83137255907058716,
    "Red Component" : 0.47450980544090271
  },
  "Cursor Guide Color (Light)" : {
    "Red Component" : 0.74862593412399292,
    "Color Space" : "P3",
    "Blue Component" : 0.99125725030899048,
    "Alpha Component" : 0.25,
    "Green Component" : 0.92047786712646484
  },
  "Ansi 12 Color" : {
    "Red Component" : 0.65349078178405762,
    "Color Space" : "sRGB",
    "Blue Component" : 0.9485321044921875,
    "Alpha Component" : 1,
    "Green Component" : 0.67044717073440552
  },